<?xml version="1.0" encoding="UTF-8"?>
<project-private xmlns="http://www.netbeans.org/ns/project-private/1">
    <editor-bookmarks xmlns="http://www.netbeans.org/ns/editor-bookmarks/2" lastBookmarkId="0"/>
    <open-files xmlns="http://www.netbeans.org/ns/projectui-open-files/2">
        <group>
            <file>file:/C:/Users/migue/OneDrive/Documents/IEI032/Magia%20El%20Encuentro/src/java/connections/ConjuroHandler.java</file>
            <file>file:/C:/Users/migue/OneDrive/Documents/IEI032/Magia%20El%20Encuentro/src/java/interfaces/Repository.java</file>
            <file>file:/C:/Users/migue/OneDrive/Documents/IEI032/Magia%20El%20Encuentro/src/java/data/Mano.java</file>
            <file>file:/C:/Users/migue/OneDrive/Documents/IEI032/Magia%20El%20Encuentro/src/java/interfaces/Coleccion.java</file>
            <file>file:/C:/Users/migue/OneDrive/Documents/IEI032/Magia%20El%20Encuentro/src/java/data/Usuario.java</file>
            <file>file:/C:/Users/migue/OneDrive/Documents/IEI032/Magia%20El%20Encuentro/src/java/data/Carta.java</file>
            <file>file:/C:/Users/migue/OneDrive/Documents/IEI032/Magia%20El%20Encuentro/src/java/connections/MazoConnection.java</file>
            <file>file:/C:/Users/migue/OneDrive/Documents/IEI032/Magia%20El%20Encuentro/src/java/data/Mazo.java</file>
            <file>file:/C:/Users/migue/OneDrive/Documents/IEI032/Magia%20El%20Encuentro/web/index.html</file>
            <file>file:/C:/Users/migue/OneDrive/Documents/IEI032/Magia%20El%20Encuentro/web/jsp/carta.jsp</file>
            <file>file:/C:/Users/migue/OneDrive/Documents/IEI032/Magia%20El%20Encuentro/src/java/connections/ConnectionDatabase.java</file>
            <file>file:/C:/Users/migue/OneDrive/Documents/IEI032/Magia%20El%20Encuentro/src/java/connections/TierraHandler.java</file>
            <file>file:/C:/Users/migue/OneDrive/Documents/IEI032/Magia%20El%20Encuentro/src/java/connections/CardConnectionHandler.java</file>
            <file>file:/C:/Users/migue/OneDrive/Documents/IEI032/Magia%20El%20Encuentro/src/java/connections/ManoConnectionHandler.java</file>
            <file>file:/C:/Users/migue/OneDrive/Documents/IEI032/Magia%20El%20Encuentro/src/java/connections/CriaturaHandler.java</file>
        </group>
    </open-files>
</project-private>
